gen_bus,PG_MW,QG_MVAr
30.000000,250.000000,0.000000
31.000000,634.230000,0.000000
32.000000,650.000000,0.000000
33.000000,632.000000,0.000000
34.000000,508.000000,0.000000
35.000000,650.000000,0.000000
36.000000,560.000000,0.000000
37.000000,540.000000,0.000000
38.000000,830.000000,0.000000
39.000000,1000.000000,0.000000
